{"cameraMode":{"drawMode":0,"name":"Shaded","section":"Shading Mode"},"sceneLighting":true,"audioPlay":false,"sceneViewState":{"m_AlwaysRefresh":false,"showFog":true,"showSkybox":true,"showFlares":true,"showImageEffects":true,"showParticleSystems":true,"showVisualEffectGraphs":true,"m_FxEnabled":true},"in2DMode":false,"pivot":{"x":14.677042961120606,"y":-0.06999969482421875,"z":14.004461288452149},"rotation":{"x":0.3920287787914276,"y":0.07850789278745651,"z":-0.033600326627492908,"w":0.9159820079803467},"size":4.898046970367432,"orthographic":true}