{"cameraMode":{"drawMode":0,"name":"Shaded","section":"Shading Mode"},"sceneLighting":true,"audioPlay":false,"sceneViewState":{"m_AlwaysRefresh":false,"showFog":true,"showSkybox":true,"showFlares":true,"showImageEffects":true,"showParticleSystems":true,"showVisualEffectGraphs":true,"m_FxEnabled":true},"in2DMode":false,"pivot":{"x":0.02300107479095459,"y":-2.0968680381774904,"z":1.135721206665039},"rotation":{"x":0.49343952536582949,"y":0.5060432553291321,"z":-0.48377612233161929,"w":0.516168475151062},"size":18.684368133544923,"orthographic":false}