{"cameraMode":{"drawMode":0,"name":"Shaded","section":"Shading Mode"},"sceneLighting":false,"audioPlay":false,"sceneViewState":{"m_AlwaysRefresh":false,"showFog":true,"showSkybox":false,"showFlares":true,"showImageEffects":true,"showParticleSystems":true,"showVisualEffectGraphs":true,"m_FxEnabled":true},"in2DMode":false,"pivot":{"x":3.041980266571045,"y":0.5043835639953613,"z":2.3238775730133058},"rotation":{"x":0.11673183739185333,"y":-0.32578137516975405,"z":0.04057161882519722,"w":0.9373365044593811},"size":1.8302379846572877,"orthographic":true}