{"cameraMode":{"drawMode":0,"name":"Shaded","section":"Shading Mode"},"sceneLighting":false,"audioPlay":false,"sceneViewState":{"m_AlwaysRefresh":false,"showFog":true,"showSkybox":false,"showFlares":true,"showImageEffects":true,"showParticleSystems":true,"showVisualEffectGraphs":true,"m_FxEnabled":true},"in2DMode":false,"pivot":{"x":17.30335235595703,"y":1.1591399908065797,"z":14.277396202087403},"rotation":{"x":-0.036020126193761829,"y":-0.6938294172286987,"z":-0.03479408845305443,"w":0.7184022665023804},"size":1.8639650344848633,"orthographic":true}