{"cameraMode":{"drawMode":0,"name":"Shaded","section":"Shading Mode"},"sceneLighting":false,"audioPlay":false,"sceneViewState":{"m_AlwaysRefresh":false,"showFog":true,"showSkybox":false,"showFlares":true,"showImageEffects":true,"showParticleSystems":true,"showVisualEffectGraphs":true,"m_FxEnabled":true},"in2DMode":false,"pivot":{"x":2.5424230098724367,"y":0.8238244652748108,"z":-2.041548728942871},"rotation":{"x":0.26142996549606326,"y":0.05209127813577652,"z":-0.014130746014416218,"w":0.9637141823768616},"size":34.709598541259769,"orthographic":true}